 A , 1, 0.329083111371  
 B , 1 ,     0.827739934075    
 A , 2, 0.731757670401  
 B , 2 ,     0.339287392502    
 A , 3, 0.638697218349  
 B , 3 ,     0.123707332796    
 A , 4, 0.238819070569  
 B , 4 ,     0.44373603817    
 A , 5, 0.267894478244  
 B , 5 ,     0.755022230663    
 A , 6, 0.129936421221  
 B , 6 ,     0.731486758802    
 A , 7, 0.387531840174  
 B , 7 ,     0.0972716207875    
 A , 8, 0.237470691102  
 B , 8 ,     0.401903069307    
 A , 9, 0.268844225969  
 B , 9 ,     0.817694399102    
 A , 10, 0.902763437186  
 B , 10 ,     0.660161618947    
 A , 11, 0.452152137126  
 B , 11 ,     0.00226444110142    
 A , 12, 0.910483878528  
 B , 12 ,     0.336306963568    
 A , 13, 0.356269843403  
 B , 13 ,     0.717469556766    
 A , 14, 0.95006324439  
 B , 14 ,     0.438356915803    
 A , 15, 0.938510841486  
 B , 15 ,     0.71058825953    
 A , 16, 0.362633434799  
 B , 16 ,     0.574554741094    
 A , 17, 0.699062467938  
 B , 17 ,     0.380340150113    
 A , 18, 0.32620882  
 B , 18 ,     0.295144017025    
 A , 19, 0.900695452166  
 B , 19 ,     0.594535245018    
 A , 20, 0.76429346931  
 B , 20 ,     0.542286625921    
 A , 21, 0.557484118037  
 B , 21 ,     0.0777155436296    
 A , 22, 0.380234741551  
 B , 22 ,     0.671854121463    
 A , 23, 0.700906379334  
 B , 23 ,     0.682265148197    
 A , 24, 0.849945604611  
 B , 24 ,     0.45197667262    
 A , 25, 0.822837438676  
 B , 25 ,     0.0480702776073    
 A , 26, 0.803921467515  
 B , 26 ,     0.567050793594    
 A , 27, 0.8130159036  
 B , 27 ,     0.807895263016    
 A , 28, 0.0757109481032  
 B , 28 ,     0.624601320692    
 A , 29, 0.152733974131  
 B , 29 ,     0.542881502795    
 A , 30, 0.596526955234  
 B , 30 ,     0.724502435525    
 A , 31, 0.050232921954  
 B , 31 ,     0.851296215852    
 A , 32, 0.133150439248  
 B , 32 ,     0.531869389567    
 A , 33, 0.871831557506  
 B , 33 ,     0.996804109517    
 A , 34, 0.894272179476  
 B , 34 ,     0.39757151681    
 A , 35, 0.83835187795  
 B , 35 ,     0.610658307612    
 A , 36, 0.986789437007  
 B , 36 ,     0.914033133374    
 A , 37, 0.00495130571999  
 B , 37 ,     0.75957129399    
 A , 38, 0.487902944868  
 B , 38 ,     0.58876657613    
 A , 39, 0.315252457238  
 B , 39 ,     0.124883216128    
 A , 40, 0.528216112018  
 B , 40 ,     0.8317027697    
 A , 41, 0.457353538646  
 B , 41 ,     0.705944641549    
 A , 42, 0.295332050235  
 B , 42 ,     0.0128817506742    
 A , 43, 0.514561942466  
 B , 43 ,     0.883108019429    
 A , 44, 0.878850069181  
 B , 44 ,     0.0593958764766    
 A , 45, 0.00961332088567  
 B , 45 ,     0.310811846582    
 A , 46, 0.83814247476  
 B , 46 ,     0.628278148014    
 A , 47, 0.706407674621  
 B , 47 ,     0.147204018834    
 A , 48, 0.429152465229  
 B , 48 ,     0.634664353308    
 A , 49, 0.965837867504  
 B , 49 ,     0.711793222599    
 A , 50, 0.965525651383  
 B , 50 ,     0.727327666419    
 A , 51, 0.832668594903  
 B , 51 ,     0.393322486867    
 A , 52, 0.791544073898  
 B , 52 ,     0.661792587538    
 A , 53, 0.4167521965  
 B , 53 ,     0.331996562384    
 A , 54, 0.968509091632  
 B , 54 ,     0.934337129445    
 A , 55, 0.855283316171  
 B , 55 ,     0.467908469234    
 A , 56, 0.922939420862  
 B , 56 ,     0.278982263216    
 A , 57, 0.883975950073  
 B , 57 ,     0.847185992638    
 A , 58, 0.00912737316019  
 B , 58 ,     0.79485112106    
 A , 59, 0.430823765049  
 B , 59 ,     0.197427899385    
 A , 60, 0.918220471836  
 B , 60 ,     0.98457406345    
 A , 61, 0.522886962086  
 B , 61 ,     0.729364371626    
 A , 62, 0.0862278767024  
 B , 62 ,     0.190645603254    
 A , 63, 0.813618247544  
 B , 63 ,     0.7730886939    
 A , 64, 0.0776042114518  
 B , 64 ,     0.862710364979    
 A , 65, 0.52330173266  
 B , 65 ,     0.182174440508    
 A , 66, 0.922704392836  
 B , 66 ,     0.755170718422    
 A , 67, 0.850673718788  
 B , 67 ,     0.568544940677    
 A , 68, 0.717477103296  
 B , 68 ,     0.24235994586    
 A , 69, 0.390497419142  
 B , 69 ,     0.989465627856    
 A , 70, 0.103265229161  
 B , 70 ,     0.276767342093    
 A , 71, 0.477052163002  
 B , 71 ,     0.576188586685    
 A , 72, 0.277759716933  
 B , 72 ,     0.975649709744    
 A , 73, 0.862489002287  
 B , 73 ,     0.90998187807    
 A , 74, 0.904635536094  
 B , 74 ,     0.250258128451    
 A , 75, 0.72537638413  
 B , 75 ,     0.723850130029    
 A , 76, 0.299568082838  
 B , 76 ,     0.0197452731668    
 A , 77, 0.35146972719  
 B , 77 ,     0.697682326815    
 A , 78, 0.10590003353  
 B , 78 ,     0.545743898477    
 A , 79, 0.960716081787  
 B , 79 ,     0.719287052612    
 A , 80, 0.291927879975  
 B , 80 ,     0.886300970635    
 A , 81, 0.793898169192  
 B , 81 ,     0.4754250526    
 A , 82, 0.856662912865  
 B , 82 ,     0.885016932004    
 A , 83, 0.321633901633  
 B , 83 ,     0.296663272704    
 A , 84, 0.869303478757  
 B , 84 ,     0.619918230691    
 A , 85, 0.083927811654  
 B , 85 ,     0.709466022095    
 A , 86, 0.917906980494  
 B , 86 ,     0.95388131733    
 A , 87, 0.921946625441  
 B , 87 ,     0.966769187642    
 A , 88, 0.0326960971745  
 B , 88 ,     0.356065604873    
 A , 89, 0.0873804689168  
 B , 89 ,     0.323713464079    
 A , 90, 0.705933499514  
 B , 90 ,     0.678644890674    
 A , 91, 0.86721139291  
 B , 91 ,     0.107890838446    
 A , 92, 0.503346157847  
 B , 92 ,     0.902647830263    
 A , 93, 0.277807359861  
 B , 93 ,     0.196059129335    
 A , 94, 0.189395763415  
 B , 94 ,     0.351443837149    
 A , 95, 0.262850420534  
 B , 95 ,     0.923897311883    
 A , 96, 0.214901222113  
 B , 96 ,     0.017798442651    
 A , 97, 0.69940507318  
 B , 97 ,     0.612486118283    
 A , 98, 0.151057125973  
 B , 98 ,     0.580353461958    
 A , 99, 0.676838974802  
 B , 99 ,     0.994737738223    
 A , 100, 0.879934270806  
 B , 100 ,     0.509228737681    
 A , 101, 0.731928669689  
 B , 101 ,     0.640910280572    
 A , 102, 0.253222036821  
 B , 102 ,     0.0125775582335    
 A , 103, 0.17235882192  
 B , 103 ,     0.303722374397    
 A , 104, 0.489715626647  
 B , 104 ,     0.485600372638    
 A , 105, 0.495538588873  
 B , 105 ,     0.773202989374    
 A , 106, 0.826963652478  
 B , 106 ,     0.1896445528    
 A , 107, 0.354453884957  
 B , 107 ,     0.893010251951    
 A , 108, 0.87804986498  
 B , 108 ,     0.768841404337    
 A , 109, 0.0739585408706  
 B , 109 ,     0.70677474055    
 A , 110, 0.342424237946  
 B , 110 ,     0.480879995604    
 A , 111, 0.193664214593  
 B , 111 ,     0.981106650288    
 A , 112, 0.0947867214857  
 B , 112 ,     0.364416473568    
 A , 113, 0.81578254731  
 B , 113 ,     0.315581018775    
 A , 114, 0.271018694778  
 B , 114 ,     0.898650532553    
 A , 115, 0.206228497691  
 B , 115 ,     0.853943579218    
 A , 116, 0.18231216626  
 B , 116 ,     0.0828056266479    
 A , 117, 0.524228833575  
 B , 117 ,     0.301671116186    
 A , 118, 0.222421329829  
 B , 118 ,     0.954331857491    
 A , 119, 0.217974991348  
 B , 119 ,     0.316726296013    
 A , 120, 0.748217847137  
 B , 120 ,     0.447228869053    
 A , 121, 0.226517406114  
 B , 121 ,     0.955807829135    
 A , 122, 0.237964666403  
 B , 122 ,     0.136725254206    
 A , 123, 0.18072063868  
 B , 123 ,     0.508878474648    
 A , 124, 0.00462216837172  
 B , 124 ,     0.672648966826    
 A , 125, 0.566764632101  
 B , 125 ,     0.295035187341    
 A , 126, 0.277512722729  
 B , 126 ,     0.0638077851303    
 A , 127, 0.347292757259  
 B , 127 ,     0.292729094162    
 A , 128, 0.708187722525  
 B , 128 ,     0.999455678495    
 A , 129, 0.374085106179  
 B , 129 ,     0.14958950936    
 A , 130, 0.976809202057  
 B , 130 ,     0.646422188414    
 A , 131, 0.327141472755  
 B , 131 ,     0.637904162707    
 A , 132, 0.959092244956  
 B , 132 ,     0.822985317132    
 A , 133, 0.478731532941  
 B , 133 ,     0.623886144727    
 A , 134, 0.992454145574  
 B , 134 ,     0.656583421794    
 A , 135, 0.118692669363  
 B , 135 ,     0.00270947481111    
 A , 136, 0.939220810724  
 B , 136 ,     0.016637159375    
 A , 137, 0.903968977619  
 B , 137 ,     0.951205606355    
 A , 138, 0.136408617893  
 B , 138 ,     0.272584176583    
 A , 139, 0.61799300992  
 B , 139 ,     0.124594353305    
 A , 140, 0.216943510297  
 B , 140 ,     0.641886853241    
 A , 141, 0.487086689845  
 B , 141 ,     0.875135386368    
 A , 142, 0.660640375347  
 B , 142 ,     0.624954297308    
 A , 143, 0.308065517007  
 B , 143 ,     0.761440921885    
 A , 144, 0.899249757182  
 B , 144 ,     0.651985165291    
 A , 145, 0.394141693885  
 B , 145 ,     0.669577929479    
 A , 146, 0.373792917971  
 B , 146 ,     0.803048738965    
 A , 147, 0.757233076623  
 B , 147 ,     0.858139437314    
 A , 148, 0.248341166878  
 B , 148 ,     0.445051878944    
 A , 149, 0.237092693249  
 B , 149 ,     0.0945406617643    
 A , 150, 0.414988196014  
 B , 150 ,     0.862046648361    
 A , 151, 0.951698037448  
 B , 151 ,     0.891425514526    
 A , 152, 0.77129021253  
 B , 152 ,     0.237008540866    
 A , 153, 0.807928726531  
 B , 153 ,     0.901412984005    
 A , 154, 0.473595406578  
 B , 154 ,     0.626354400645    
 A , 155, 0.895410603685  
 B , 155 ,     0.857991339051    
 A , 156, 0.280129190758  
 B , 156 ,     0.925005370424    
 A , 157, 0.327765833202  
 B , 157 ,     0.997660789941    
 A , 158, 0.951481816741  
 B , 158 ,     0.548423017822    
 A , 159, 0.571326913738  
 B , 159 ,     0.995036312934    
 A , 160, 0.587483537162  
 B , 160 ,     0.843427866764    
 A , 161, 0.331028911362  
 B , 161 ,     0.884523733448    
 A , 162, 0.980403775345  
 B , 162 ,     0.640497645329    
 A , 163, 0.202185028244  
 B , 163 ,     0.488948935204    
 A , 164, 0.198889517078  
 B , 164 ,     0.418924234042    
 A , 165, 0.293583809676  
 B , 165 ,     0.486926726609    
 A , 166, 0.270991566095  
 B , 166 ,     0.676561186613    
 A , 167, 0.860376892402  
 B , 167 ,     0.835659287481    
 A , 168, 0.568897118986  
 B , 168 ,     0.155095379212    
 A , 169, 0.183786567375  
 B , 169 ,     0.482145370034    
 A , 170, 0.440691961215  
 B , 170 ,     0.949014292684    
 A , 171, 0.171916366555  
 B , 171 ,     0.136193538187    
 A , 172, 0.38537605396  
 B , 172 ,     0.788822979922    
 A , 173, 0.278124500032  
 B , 173 ,     0.808727090712    
 A , 174, 0.144928799282  
 B , 174 ,     0.757398561157    
 A , 175, 0.795994098663  
 B , 175 ,     0.674904513192    
 A , 176, 0.875770475363  
 B , 176 ,     0.301660238006    
 A , 177, 0.864261379025  
 B , 177 ,     0.199014718544    
 A , 178, 0.287701810702  
 B , 178 ,     0.146837589001    
 A , 179, 0.50471961923  
 B , 179 ,     0.829665864905    
 A , 180, 0.706062243097  
 B , 180 ,     0.785342344798    
 A , 181, 0.696027172026  
 B , 181 ,     0.305592904385    
 A , 182, 0.0973156058288  
 B , 182 ,     0.362248583587    
 A , 183, 0.217173609755  
 B , 183 ,     0.989565481182    
 A , 184, 0.615092835195  
 B , 184 ,     0.712333494818    
 A , 185, 0.356846543949  
 B , 185 ,     0.495568426657    
 A , 186, 0.29198662797  
 B , 186 ,     0.350743499811    
 A , 187, 0.180959530645  
 B , 187 ,     0.0293557024391    
 A , 188, 0.0150272836136  
 B , 188 ,     0.557776478715    
 A , 189, 0.574803386709  
 B , 189 ,     0.929659686891    
 A , 190, 0.193669472065  
 B , 190 ,     0.300877698124    
 A , 191, 0.788474497078  
 B , 191 ,     0.752473818546    
 A , 192, 0.623344473847  
 B , 192 ,     0.484777043923    
 A , 193, 0.186569405412  
 B , 193 ,     0.123544924016    
 A , 194, 0.476392666772  
 B , 194 ,     0.896635437247    
 A , 195, 0.0608535232649  
 B , 195 ,     0.9623176765    
 A , 196, 0.209833444657  
 B , 196 ,     0.371574403748    
 A , 197, 0.38577485787  
 B , 197 ,     0.654329845143    
 A , 198, 0.303105832171  
 B , 198 ,     0.136590012875    
 A , 199, 0.729372025247  
 B , 199 ,     0.476283603311    
 A , 200, 0.0400438340645  
 B , 200 ,     0.725850637786    
 A , 201, 0.17497641789  
 B , 201 ,     0.130967548834    
 A , 202, 0.252668846732  
 B , 202 ,     0.306997390147    
 A , 203, 0.684897247387  
 B , 203 ,     0.227010243616    
 A , 204, 0.408817323292  
 B , 204 ,     0.765500262269    
 A , 205, 0.315242542009  
 B , 205 ,     0.437412681312    
 A , 206, 0.866746418384  
 B , 206 ,     0.0918722296111    
 A , 207, 0.640567461656  
 B , 207 ,     0.540007039741    
 A , 208, 0.614743996145  
 B , 208 ,     0.845376938622    
 A , 209, 0.0440966996387  
 B , 209 ,     0.271072431578    
 A , 210, 0.0710947499658  
 B , 210 ,     0.917518540706    
 A , 211, 0.641384780094  
 B , 211 ,     0.748003119833    
 A , 212, 0.728292804417  
 B , 212 ,     0.525095260642    
 A , 213, 0.914179182523  
 B , 213 ,     0.600208344718    
 A , 214, 0.829843030677  
 B , 214 ,     0.380642622056    
 A , 215, 0.640173235125  
 B , 215 ,     0.677260718809    
 A , 216, 0.0367319201342  
 B , 216 ,     0.350649286479    
 A , 217, 0.155206906597  
 B , 217 ,     0.358983798832    
 A , 218, 0.878092338014  
 B , 218 ,     0.243188677472    
 A , 219, 0.146892597916  
 B , 219 ,     0.0794695377286    
 A , 220, 0.292730675391  
 B , 220 ,     0.0539132149739    
 A , 221, 0.294576223325  
 B , 221 ,     0.211780003063    
 A , 222, 0.185236807257  
 B , 222 ,     0.395059406793    
 A , 223, 0.950893858401  
 B , 223 ,     0.0355641171191    
 A , 224, 0.499833056975  
 B , 224 ,     0.334850511752    
 A , 225, 0.0464238094081  
 B , 225 ,     0.773197522312    
 A , 226, 0.0142542057341  
 B , 226 ,     0.704839427118    
 A , 227, 0.389035121605  
 B , 227 ,     0.545267848192    
 A , 228, 0.256316086199  
 B , 228 ,     0.600699454477    
 A , 229, 0.0639777106635  
 B , 229 ,     0.870862283247    
 A , 230, 0.0610592670497  
 B , 230 ,     0.728894558918    
 A , 231, 0.457366373178  
 B , 231 ,     0.131622127464    
 A , 232, 0.756102701043  
 B , 232 ,     0.68899812362    
 A , 233, 0.630616309209  
 B , 233 ,     0.172322382623    
 A , 234, 0.304841578804  
 B , 234 ,     0.602246628996    
 A , 235, 0.841910449863  
 B , 235 ,     0.64115469925    
 A , 236, 0.296316642057  
 B , 236 ,     0.0647144487478    
 A , 237, 0.764476543232  
 B , 237 ,     0.871764556521    
 A , 238, 0.680830651974  
 B , 238 ,     0.672616363395    
 A , 239, 0.696227540874  
 B , 239 ,     0.512098510445    
 A , 240, 0.518028260532  
 B , 240 ,     0.253514611071    
 A , 241, 0.963816800069  
 B , 241 ,     0.485787626722    
 A , 242, 0.0976622201298  
 B , 242 ,     0.550383978891    
 A , 243, 0.60374394511  
 B , 243 ,     0.608504224644    
 A , 244, 0.740038776575  
 B , 244 ,     0.758800785629    
 A , 245, 0.838109136968  
 B , 245 ,     0.0349925104986    
 A , 246, 0.812383901834  
 B , 246 ,     0.254061071268    
 A , 247, 0.94850499997  
 B , 247 ,     0.127775144913    
 A , 248, 0.27798013147  
 B , 248 ,     0.433486900391    
 A , 249, 0.553337634507  
 B , 249 ,     0.971536024292    
 A , 250, 0.162149662249  
 B , 250 ,     0.136408881728    
 A , 251, 0.924464036785  
 B , 251 ,     0.311961108639    
 A , 252, 0.193084098442  
 B , 252 ,     0.236330975179    
 A , 253, 0.518408956326  
 B , 253 ,     0.434552883455    
 A , 254, 0.186554731316  
 B , 254 ,     0.0605594090604    
 A , 255, 0.411481988252  
 B , 255 ,     0.879121298955    
 A , 256, 0.598477770056  
 B , 256 ,     0.389032814992    
 A , 257, 0.831221672166  
 B , 257 ,     0.557041477798    
 A , 258, 0.155274028903  
 B , 258 ,     0.883672903121    
 A , 259, 0.669327150164  
 B , 259 ,     0.790154746206    
 A , 260, 0.526246669949  
 B , 260 ,     0.151916868722    
 A , 261, 0.534402788977  
 B , 261 ,     0.135221524597    
 A , 262, 0.785891676277  
 B , 262 ,     0.780457332157    
 A , 263, 0.440549568249  
 B , 263 ,     0.54073872553    
 A , 264, 0.384359143337  
 B , 264 ,     0.754831528462    
 A , 265, 0.155458159617  
 B , 265 ,     0.205505186333    
 A , 266, 0.945346594155  
 B , 266 ,     0.832704163616    
 A , 267, 0.509977334488  
 B , 267 ,     0.391890342937    
 A , 268, 0.0357880874718  
 B , 268 ,     0.0322158729414    
 A , 269, 0.125947715492  
 B , 269 ,     0.659245926578    
 A , 270, 0.931356653139  
 B , 270 ,     0.111820240673    
 A , 271, 0.579091121142  
 B , 271 ,     0.632991627401    
 A , 272, 0.290712649196  
 B , 272 ,     0.187232722839    
 A , 273, 0.25404200209  
 B , 273 ,     0.797435952193    
 A , 274, 0.709492407111  
 B , 274 ,     0.151629313336    
 A , 275, 0.324215178754  
 B , 275 ,     0.699746875352    
 A , 276, 0.125325998289  
 B , 276 ,     0.462567624785    
 A , 277, 0.600472768775  
 B , 277 ,     0.928805588938    
 A , 278, 0.564899975661  
 B , 278 ,     0.643117316425    
 A , 279, 0.209714347478  
 B , 279 ,     0.839387139395    
 A , 280, 0.692179902447  
 B , 280 ,     0.249464005191    
 A , 281, 0.754289642459  
 B , 281 ,     0.0150043371736    
 A , 282, 0.960055594835  
 B , 282 ,     0.317368019481    
 A , 283, 0.252489841644  
 B , 283 ,     0.97304741989    
 A , 284, 0.724481081609  
 B , 284 ,     0.668147795521    
 A , 285, 0.932097107235  
 B , 285 ,     0.158236487642    
 A , 286, 0.344982975854  
 B , 286 ,     0.128009858757    
 A , 287, 0.409985194711  
 B , 287 ,     0.295844794714    
 A , 288, 0.991275786875  
 B , 288 ,     0.560890703025    
 A , 289, 0.725653304528  
 B , 289 ,     0.260317142694    
 A , 290, 0.779364564508  
 B , 290 ,     0.225784335097    
 A , 291, 0.132679331679  
 B , 291 ,     0.206988224171    
 A , 292, 0.384742797244  
 B , 292 ,     0.254374187462    
 A , 293, 0.698743230163  
 B , 293 ,     0.671983037244    
 A , 294, 0.614076262783  
 B , 294 ,     0.436783843095    
 A , 295, 0.270349311612  
 B , 295 ,     0.34102919761    
 A , 296, 0.831177188756  
 B , 296 ,     0.614498337501    
 A , 297, 0.220609657637  
 B , 297 ,     0.170883479728    
 A , 298, 0.930669390046  
 B , 298 ,     0.713644294356    
 A , 299, 0.460515715827  
 B , 299 ,     0.777412064074    
 A , 300, 0.969119280445  
 B , 300 ,     0.101940424582    
 A , 301, 0.814920056651  
 B , 301 ,     0.542302483427    
 A , 302, 0.725335864787  
 B , 302 ,     0.176447645533    
 A , 303, 0.732702814533  
 B , 303 ,     0.618933440591    
 A , 304, 0.776307487271  
 B , 304 ,     0.269285801223    
 A , 305, 0.200940767859  
 B , 305 ,     0.308723980804    
 A , 306, 0.953987737188  
 B , 306 ,     0.371022797468    
 A , 307, 0.513587900095  
 B , 307 ,     0.100208192077    
 A , 308, 0.321113324635  
 B , 308 ,     0.285474875711    
 A , 309, 0.073157041655  
 B , 309 ,     0.379323584931    
 A , 310, 0.419777472844  
 B , 310 ,     0.673009165902    
 A , 311, 0.822570382805  
 B , 311 ,     0.8590506014    
 A , 312, 0.814444769036  
 B , 312 ,     0.551072782783    
 A , 313, 0.3057064686  
 B , 313 ,     0.110268397907    
 A , 314, 0.238248003593  
 B , 314 ,     0.640290611375    
 A , 315, 0.25878930126  
 B , 315 ,     0.184752534158    
 A , 316, 0.623248059822  
 B , 316 ,     0.310423487194    
 A , 317, 0.663400690053  
 B , 317 ,     0.461611788984    
 A , 318, 0.0355305566591  
 B , 318 ,     0.424219843051    
 A , 319, 0.0743597970673  
 B , 319 ,     0.875510187627    
 A , 320, 0.278751264595  
 B , 320 ,     0.583955273518    
 A , 321, 0.535906456776  
 B , 321 ,     0.391526813046    
 A , 322, 0.823320030367  
 B , 322 ,     0.473891465246    
 A , 323, 0.764696121761  
 B , 323 ,     0.651091015087    
 A , 324, 0.428368538212  
 B , 324 ,     0.839788884342    
 A , 325, 0.525713069258  
 B , 325 ,     0.448583295745    
 A , 326, 0.585235097228  
 B , 326 ,     0.455262084901    
 A , 327, 0.416831743052  
 B , 327 ,     0.533769900891    
 A , 328, 0.734424272305  
 B , 328 ,     0.304281570051    
 A , 329, 0.490545992375  
 B , 329 ,     0.637115159798    
 A , 330, 0.295490529247  
 B , 330 ,     0.732417802312    
 A , 331, 0.64479650607  
 B , 331 ,     0.18588583164    
 A , 332, 0.0473880405167  
 B , 332 ,     0.986979922559    
 A , 333, 0.39587076196  
 B , 333 ,     0.613423414932    
 A , 334, 0.88868031933  
 B , 334 ,     0.308059150442    
 A , 335, 0.278809998015  
 B , 335 ,     0.636567826627    
 A , 336, 0.575997402722  
 B , 336 ,     0.935314834821    
 A , 337, 0.116588415562  
 B , 337 ,     0.93956108359    
 A , 338, 0.0712105217825  
 B , 338 ,     0.87577039223    
 A , 339, 0.25623543983  
 B , 339 ,     0.504137909825    
 A , 340, 0.717653611994  
 B , 340 ,     0.590851060967    
 A , 341, 0.853866127255  
 B , 341 ,     0.222848795198    
 A , 342, 0.458724896509  
 B , 342 ,     0.934892739237    
 A , 343, 0.876055986327  
 B , 343 ,     0.290463975034    
 A , 344, 0.540800171438  
 B , 344 ,     0.0991814779629    
 A , 345, 0.312599281358  
 B , 345 ,     0.660808426085    
 A , 346, 0.665148670828  
 B , 346 ,     0.697640226871    
 A , 347, 0.9353252661  
 B , 347 ,     0.565462183042    
 A , 348, 0.419839967775  
 B , 348 ,     0.210050294198    
 A , 349, 0.430046098414  
 B , 349 ,     0.46509139115    
 A , 350, 0.495783549272  
 B , 350 ,     0.468742431684    
 A , 351, 0.0338211138773  
 B , 351 ,     0.552760684072    
 A , 352, 0.352812698046  
 B , 352 ,     0.179135423701    
 A , 353, 0.0192753499396  
 B , 353 ,     0.748270350377    
 A , 354, 0.236169718258  
 B , 354 ,     0.125337243886    
 A , 355, 0.963171482177  
 B , 355 ,     0.180060484619    
 A , 356, 0.707470288327  
 B , 356 ,     0.317707498985    
 A , 357, 0.952394749065  
 B , 357 ,     0.490648570867    
 A , 358, 0.381306234369  
 B , 358 ,     0.435259518772    
 A , 359, 0.0967838257976  
 B , 359 ,     0.71127739133    
 A , 360, 0.65607463976  
 B , 360 ,     0.197403701949    
 A , 361, 0.505877272601  
 B , 361 ,     0.552309743442    
 A , 362, 0.106010145728  
 B , 362 ,     0.45604009001    
 A , 363, 0.159767370332  
 B , 363 ,     0.206445172118    
 A , 364, 0.541249464189  
 B , 364 ,     0.18353074599    
 A , 365, 0.766632024173  
 B , 365 ,     0.671051624113    
 A , 366, 0.0618108200409  
 B , 366 ,     0.723657383787    
 A , 367, 0.587731133164  
 B , 367 ,     0.348510038726    
 A , 368, 0.78322906538  
 B , 368 ,     0.367717346338    
 A , 369, 0.0625874925994  
 B , 369 ,     0.863273794607    
 A , 370, 0.752374307846  
 B , 370 ,     0.579974484603    
 A , 371, 0.0968632460467  
 B , 371 ,     0.264150231355    
 A , 372, 0.0636263269077  
 B , 372 ,     0.339975237742    
 A , 373, 0.284425118308  
 B , 373 ,     0.726600881104    
 A , 374, 0.324131505003  
 B , 374 ,     0.647236872569    
 A , 375, 0.515972309661  
 B , 375 ,     0.0129307886952    
 A , 376, 0.694498931993  
 B , 376 ,     0.728820608172    
 A , 377, 0.506094247727  
 B , 377 ,     0.345933787742    
 A , 378, 0.185733520565  
 B , 378 ,     0.665928562805    
 A , 379, 0.695274657381  
 B , 379 ,     0.275741416554    
 A , 380, 0.177866064805  
 B , 380 ,     0.502321807287    
 A , 381, 0.228981984086  
 B , 381 ,     0.17973512653    
 A , 382, 0.567553861689  
 B , 382 ,     0.760459841033    
 A , 383, 0.561615402646  
 B , 383 ,     0.073209644043    
 A , 384, 0.0260583257118  
 B , 384 ,     0.54447745932    
 A , 385, 0.0185305920667  
 B , 385 ,     0.609132720664    
 A , 386, 0.750437037142  
 B , 386 ,     0.988999380099    
 A , 387, 0.964981739219  
 B , 387 ,     0.981705487339    
 A , 388, 0.606591929958  
 B , 388 ,     0.157404937101    
 A , 389, 0.181269491936  
 B , 389 ,     0.816351904204    
 A , 390, 0.0781463578651  
 B , 390 ,     0.755691770064    
 A , 391, 0.612787668806  
 B , 391 ,     0.901214053694    
 A , 392, 0.206388148166  
 B , 392 ,     0.175552160762    
 A , 393, 0.842682583985  
 B , 393 ,     0.584284433342    
 A , 394, 0.0976619139078  
 B , 394 ,     0.461798536017    
 A , 395, 0.253743052597  
 B , 395 ,     0.251612789427    
 A , 396, 0.461318420623  
 B , 396 ,     0.435492868937    
 A , 397, 0.705067322776  
 B , 397 ,     0.989283907948    
 A , 398, 0.849462021076  
 B , 398 ,     0.570713064294    
 A , 399, 0.673668249446  
 B , 399 ,     0.681443559359    
 A , 400, 0.492009769095  
 B , 400 ,     0.000995321447538    
 A , 401, 0.958094483204  
 B , 401 ,     0.377656817032    
 A , 402, 0.706820201882  
 B , 402 ,     0.791531083904    
 A , 403, 0.413479794332  
 B , 403 ,     0.672732151478    
 A , 404, 0.697968859588  
 B , 404 ,     0.93710233775    
 A , 405, 0.011898075879  
 B , 405 ,     0.0080490801137    
 A , 406, 0.22079825965  
 B , 406 ,     0.598901627854    
 A , 407, 0.334069453842  
 B , 407 ,     0.15316878172    
 A , 408, 0.545176964418  
 B , 408 ,     0.614664893964    
 A , 409, 0.430078251156  
 B , 409 ,     0.000347141924766    
 A , 410, 0.443270069441  
 B , 410 ,     0.0902983374802    
 A , 411, 0.495823067348  
 B , 411 ,     0.295275388739    
 A , 412, 0.701627228493  
 B , 412 ,     0.972675426367    
 A , 413, 0.216697138833  
 B , 413 ,     0.743559651474    
 A , 414, 0.578311217474  
 B , 414 ,     0.409944200629    
 A , 415, 0.720622141669  
 B , 415 ,     0.807461493632    
 A , 416, 0.966985335669  
 B , 416 ,     0.918613805638    
 A , 417, 0.804132329297  
 B , 417 ,     0.131219471873    
 A , 418, 0.691820884689  
 B , 418 ,     0.680198541286    
 A , 419, 0.711061538091  
 B , 419 ,     0.124386323731    
 A , 420, 0.0600280600061  
 B , 420 ,     0.59876354461    
 A , 421, 0.135881643215  
 B , 421 ,     0.754761229529    
 A , 422, 0.921530136275  
 B , 422 ,     0.222080573344    
 A , 423, 0.760854158367  
 B , 423 ,     0.7434739114    
 A , 424, 0.879311534759  
 B , 424 ,     0.902819150021    
 A , 425, 0.81627407169  
 B , 425 ,     0.947085282798    
 A , 426, 0.111897784575  
 B , 426 ,     0.806487985617    
 A , 427, 0.534519149085  
 B , 427 ,     0.784732467071    
 A , 428, 0.735819124651  
 B , 428 ,     0.447496476317    
 A , 429, 0.742730867719  
 B , 429 ,     0.424680767133    
 A , 430, 0.285273833491  
 B , 430 ,     0.655578278551    
 A , 431, 0.391816100962  
 B , 431 ,     0.585772530621    
 A , 432, 0.588789905655  
 B , 432 ,     0.216651326584    
 A , 433, 0.552765730305  
 B , 433 ,     0.218271644382    
 A , 434, 0.896516003139  
 B , 434 ,     0.906796523104    
 A , 435, 0.578435653965  
 B , 435 ,     0.842424411959    
 A , 436, 0.607482440361  
 B , 436 ,     0.218400923296    
 A , 437, 0.635840248167  
 B , 437 ,     0.950164696267    
 A , 438, 0.86869079204  
 B , 438 ,     0.436557975341    
 A , 439, 0.135140989898  
 B , 439 ,     0.186419449426    
 A , 440, 0.83540950822  
 B , 440 ,     0.335547787963    
 A , 441, 0.161522933444  
 B , 441 ,     0.380440843044    
 A , 442, 0.0122416293749  
 B , 442 ,     0.825385665152    
 A , 443, 0.523484294116  
 B , 443 ,     0.568530458552    
 A , 444, 0.462971963105  
 B , 444 ,     0.399483107407    
 A , 445, 0.0584787256842  
 B , 445 ,     0.944902912333    
 A , 446, 0.384782882282  
 B , 446 ,     0.438429930809    
 A , 447, 0.189255266242  
 B , 447 ,     0.733458603039    
 A , 448, 0.134336605119  
 B , 448 ,     0.211244824888    
 A , 449, 0.746846968178  
 B , 449 ,     0.325707016598    
 A , 450, 0.811399063626  
 B , 450 ,     0.543742509923    
 A , 451, 0.467386765875  
 B , 451 ,     0.764748243906    
 A , 452, 0.0241275729607  
 B , 452 ,     0.976935223245    
 A , 453, 0.491922944686  
 B , 453 ,     0.933972748469    
 A , 454, 0.0260233790171  
 B , 454 ,     0.65703534518    
 A , 455, 0.256819197048  
 B , 455 ,     0.740384714763    
 A , 456, 0.233445771352  
 B , 456 ,     0.943659395727    
 A , 457, 0.653190304428  
 B , 457 ,     0.687562796294    
 A , 458, 0.59732425315  
 B , 458 ,     0.538379010214    
 A , 459, 0.707290306255  
 B , 459 ,     0.499321579967    
 A , 460, 0.853872964901  
 B , 460 ,     0.533728270798    
 A , 461, 0.310798016815  
 B , 461 ,     0.489380172482    
 A , 462, 0.919798364278  
 B , 462 ,     0.465184498805    
 A , 463, 0.475920691078  
 B , 463 ,     0.0677255057627    
 A , 464, 0.40047783517  
 B , 464 ,     0.439366004463    
 A , 465, 0.165012987539  
 B , 465 ,     0.461834030006    
 A , 466, 0.791168771695  
 B , 466 ,     0.438351582928    
 A , 467, 0.189912588166  
 B , 467 ,     0.418746342256    
 A , 468, 0.772059525836  
 B , 468 ,     0.406407988091    
 A , 469, 0.649248581432  
 B , 469 ,     0.936024649483    
 A , 470, 0.882105934154  
 B , 470 ,     0.636598883658    
 A , 471, 0.534694337629  
 B , 471 ,     0.933154801977    
 A , 472, 0.412835207635  
 B , 472 ,     0.537764880119    
 A , 473, 0.814560011084  
 B , 473 ,     0.25799717921    
 A , 474, 0.215690164058  
 B , 474 ,     0.856173350618    
 A , 475, 0.832699177591  
 B , 475 ,     0.885984378344    
 A , 476, 0.180578761519  
 B , 476 ,     0.127781139995    
 A , 477, 0.890360576739  
 B , 477 ,     0.688292391611    
 A , 478, 0.510097173287  
 B , 478 ,     0.340460166356    
 A , 479, 0.614813596852  
 B , 479 ,     0.275415096861    
 A , 480, 0.0933415393341  
 B , 480 ,     0.474426588876    
 A , 481, 0.514150894516  
 B , 481 ,     0.18407838065    
 A , 482, 0.61667603546  
 B , 482 ,     0.497105992262    
 A , 483, 0.717715991181  
 B , 483 ,     0.939477038583    
 A , 484, 0.369744122259  
 B , 484 ,     0.126271314504    
 A , 485, 0.0314469484506  
 B , 485 ,     0.216598612133    
 A , 486, 0.757466259943  
 B , 486 ,     0.738222140317    
 A , 487, 0.744510524492  
 B , 487 ,     0.948953963305    
 A , 488, 0.401215923116  
 B , 488 ,     0.196562671334    
 A , 489, 0.104653136243  
 B , 489 ,     0.950226751176    
 A , 490, 0.28242160974  
 B , 490 ,     0.524970878714    
 A , 491, 0.0634483449692  
 B , 491 ,     0.0984180419865    
 A , 492, 0.596592360818  
 B , 492 ,     0.868456831407    
 A , 493, 0.16610646701  
 B , 493 ,     0.0551887649658    
 A , 494, 0.0973743166031  
 B , 494 ,     0.978585722617    
 A , 495, 0.966494867228  
 B , 495 ,     0.28557051383    
 A , 496, 0.954000763466  
 B , 496 ,     0.512501867826    
 A , 497, 0.324797925024  
 B , 497 ,     0.323354953089    
 A , 498, 0.458808008092  
 B , 498 ,     0.451868972243    
 A , 499, 0.417336732151  
 B , 499 ,     0.983564153481    
 A , 500, 0.358424583293  
 B , 500 ,     0.29833504979    
 A , 501, 0.355598175574  
 B , 501 ,     0.534520283371    
 A , 502, 0.306696152788  
 B , 502 ,     0.707901761455    
 A , 503, 0.825049189597  
 B , 503 ,     0.380009299039    
 A , 504, 0.866974929924  
 B , 504 ,     0.515491132885    
 A , 505, 0.632153454611  
 B , 505 ,     0.199786908    
 A , 506, 0.103096501177  
 B , 506 ,     0.201026344978    
 A , 507, 0.86359392247  
 B , 507 ,     0.425688075898    
 A , 508, 0.068654799375  
 B , 508 ,     0.200753355936    
 A , 509, 0.667503783757  
 B , 509 ,     0.599290040311    
 A , 510, 0.855487011492  
 B , 510 ,     0.242941348736    
 A , 511, 0.507881268058  
 B , 511 ,     0.00262661520522    
 A , 512, 0.184431636282  
 B , 512 ,     0.120696578074    
 A , 513, 0.733593812525  
 B , 513 ,     0.704102472145    
 A , 514, 0.120494350882  
 B , 514 ,     0.861888274868    
 A , 515, 0.616392972384  
 B , 515 ,     0.922701312041    
 A , 516, 0.410191889062  
 B , 516 ,     0.731281851332    
 A , 517, 0.882254182965  
 B , 517 ,     0.314464404326    
 A , 518, 0.0876800660794  
 B , 518 ,     0.0785691225901    
 A , 519, 0.339992506206  
 B , 519 ,     0.366430017454    
 A , 520, 0.542937297986  
 B , 520 ,     0.0186640100026    
 A , 521, 0.149887821576  
 B , 521 ,     0.737208453767    
 A , 522, 0.395474903224  
 B , 522 ,     0.84357843412    
 A , 523, 0.871425198714  
 B , 523 ,     0.246557735262    
 A , 524, 0.48116992534  
 B , 524 ,     0.609280310418    
 A , 525, 0.552018779502  
 B , 525 ,     0.567244373088    
 A , 526, 0.942992852702  
 B , 526 ,     0.136455240123    
 A , 527, 0.202910696129  
 B , 527 ,     0.30502049943    
 A , 528, 0.418275220322  
 B , 528 ,     0.536142065539    
 A , 529, 0.00020091940141  
 B , 529 ,     0.292061411893    
 A , 530, 0.284466978234  
 B , 530 ,     0.876917380153    
 A , 531, 0.262662709773  
 B , 531 ,     0.783347008963    
 A , 532, 0.889983327011  
 B , 532 ,     0.19970736369    
 A , 533, 0.480195224687  
 B , 533 ,     0.235967384135    
 A , 534, 0.944937746306  
 B , 534 ,     0.824077230493    
 A , 535, 0.389129772517  
 B , 535 ,     0.635424694209    
 A , 536, 0.209700057933  
 B , 536 ,     0.940944676119    
 A , 537, 0.765248863146  
 B , 537 ,     0.6308525328    
 A , 538, 0.770128788918  
 B , 538 ,     0.360661347444    
 A , 539, 0.483008641324  
 B , 539 ,     0.0848311768843    
 A , 540, 0.941965541978  
 B , 540 ,     0.327830034675    
 A , 541, 0.858456292803  
 B , 541 ,     0.665974092798    
 A , 542, 0.764605132236  
 B , 542 ,     0.372063326919    
 A , 543, 0.193722077824  
 B , 543 ,     0.486466070333    
